{
  "project_info": {
    "project_number": "812212502944",
    "project_id": "student-planner-app-97c0e",
    "storage_bucket": "student-planner-app-97c0e.firebasestorage.app"
  },
  "client": [
    {
      "client_info": {
        "mobilesdk_app_id": "1:812212502944:android:9ba3e320168d69c1aaa4c5",
        "android_client_info": {
          "package_name": "com.example.student_planner_app"
        }
      },
      "oauth_client": [],
      "api_key": [
        {
          "current_key": "AIzaSyAwgRXJkh7O3NjniQsdi0JUgxeWrRNhQqE"
        }
      ],
      "services": {
        "appinvite_service": {
          "other_platform_oauth_client": []
        }
      }
    }
  ],
  "configuration_version": "1"
}